DPTO_NORM,ANIO,PROYECCION_LINEAL,PROYECCION_GEOMETRICA,DIFERENCIA_ABS,DIFERENCIA_PCT_SOBRE_GEOM
ASUNCION,2023,112308.9700000002,101403.72935695898,10905.240643041223,10.75427966229216
ASUNCION,2024,111040.54000000004,99225.28541444933,11815.254585550705,11.907503753907218
ASUNCION,2025,109772.11000000034,97093.6407173003,12678.46928270004,13.057981129387159
ASUNCION,2026,108503.68000000017,95007.78988303513,13495.890116965034,14.205035327713587
ASUNCION,2027,107235.25,92966.7491276862,14268.500872313802,15.347961509030045
ASUNCION,2028,105966.8200000003,90969.55580179671,14997.264198203586,16.486025534607897
ASUNCION,2029,104698.39000000013,89015.26793639072,15683.122063609408,17.61846302009267
ASUNCION,2030,103429.96000000043,87102.96379869684,16326.996201303584,18.74447836130675
ASUNCION,2031,102161.53000000026,85231.7414574163,16929.788542583963,19.863243731846623
ASUNCION,2032,100893.1000000001,83400.71835733033,17492.38164266976,20.973898051721402
CONCEPCION,2023,62046.159999999916,49761.4597346781,12284.700265321815,24.68717825164757
CONCEPCION,2024,62732.11999999988,48231.45451745209,14500.665482547789,30.064748466793308
CONCEPCION,2025,63418.07999999984,46748.49205132743,16669.587948672415,35.65802278792238
CONCEPCION,2026,64104.039999999804,45311.12592265386,18792.914077345944,41.4752749896912
CONCEPCION,2027,64790.0,43917.95419035975,20872.04580964025,47.525086708665015
CONCEPCION,2028,65475.95999999996,42567.61801856299,22908.34198143697,53.81635864954211
CONCEPCION,2029,66161.91999999993,41258.80035122478,24903.119648775144,60.3583221925547
CONCEPCION,2030,66847.87999999989,39990.224627553456,26857.655372446432,67.1605514162113
CONCEPCION,2031,67533.83999999985,38760.65353690561,28773.186463094244,74.23297555005907
CONCEPCION,2032,68219.79999999981,37568.88781196995,30650.912188029863,81.585891872647
SAN PEDRO,2023,107311.3999999999,83967.55708072385,23343.842919276052,27.80102664751101
SAN PEDRO,2024,108642.79999999981,81445.22967037032,27197.570329629496,33.393693454736415
SAN PEDRO,2025,109974.19999999972,78998.67123301316,30975.528766986565,39.21018959372325
SAN PEDRO,2026,111305.6000000001,76625.60572104438,34679.99427895571,45.259014858829666
SAN PEDRO,2027,112637.0,74323.82545775383,38313.17454224617,51.54898083660082
SAN PEDRO,2028,113968.3999999999,72091.1890835147,41877.2109164852,58.089222065642666
SAN PEDRO,2029,115299.79999999981,69925.61956366414,45374.18043633568,64.8892075886786
SAN PEDRO,2030,116631.19999999972,67825.10225622573,48806.09774377399,71.95875291038583
SAN PEDRO,2031,117962.6000000001,65787.68303767634,52174.916962323754,79.30803237506235
SAN PEDRO,2032,119294.0,63811.46648501359,55482.53351498641,86.94759197865596
CORDILLERA,2023,75809.45000000019,64957.036542790556,10852.41345720963,16.707063675943072
CORDILLERA,2024,76558.30000000028,63550.21607683451,13008.083923165766,20.468984570309757
CORDILLERA,2025,77307.15000000014,62173.86411635176,15133.28588364838,24.34026917697772
CORDILLERA,2026,78056.00000000023,60827.320783377596,17228.679216622637,28.32391595542829
CORDILLERA,2027,78804.8500000001,59509.94049139095,19294.90950860914,32.42300252577206
CORDILLERA,2028,79553.70000000019,58221.09163579446,21332.608364205727,36.640687704128155
CORDILLERA,2029,80302.55000000028,56960.156291098094,23342.393708902186,40.98021358931946
CORDILLERA,2030,81051.40000000014,55726.529914661056,25324.870085339084,45.444907702168585
CORDILLERA,2031,81800.25000000023,54519.6210568499,27280.628943150332,50.038185178696814
CORDILLERA,2032,82549.1000000001,53338.851077474086,29210.248922526007,54.76355101855952
GUAIRA,2023,51913.140000000014,40856.080922682384,11057.05907731763,27.06343542407416
GUAIRA,2024,52209.47999999998,39370.23794426084,12839.242055739138,32.611542947534474
GUAIRA,2025,52505.820000000065,37938.43170423089,14567.388295769175,38.39744460007455
GUAIRA,2026,52802.16000000003,36558.69700900317,16243.462990996864,44.43118688556282
GUAIRA,2027,53098.5,35229.14013462097,17869.359865379032,50.72323592655093
GUAIRA,2028,53394.83999999997,33947.93622757186,19446.903772428108,57.284494827799605
GUAIRA,2029,53691.18000000005,32713.326800125877,20977.853199874175,64.1263217527404
GUAIRA,2030,53987.52000000002,31523.617316762513,22463.902683237506,71.26054874195053
GUAIRA,2031,54283.859999999986,30377.174868373997,23906.68513162599,78.69950130390663
GUAIRA,2032,54580.20000000007,29272.425931052447,25307.774068947623,86.45601880949988
CAAGUAZU,2023,133526.1499999999,103414.39696827737,30111.753031722532,29.117563815567564
CAAGUAZU,2024,134692.69999999972,99765.26862050671,34927.431379493006,35.009609919813
CAAGUAZU,2025,135859.25,96244.90510711967,39614.34489288033,41.15993968593967
CAAGUAZU,2026,137025.7999999998,92848.76277248301,44177.037227516805,47.579564776504775
CAAGUAZU,2027,138192.3500000001,89572.45829050228,48619.89170949781,54.27995684992065
CAAGUAZU,2028,139358.8999999999,86411.76300715945,52947.13699284046,61.273066478754345
CAAGUAZU,2029,140525.44999999972,83362.5974826823,57162.85251731743,68.57134283656697
CAAGUAZU,2030,141692.0,80421.02622630136,61270.97377369864,76.18775418419148
CAAGUAZU,2031,142858.5499999998,77583.25261679874,65275.297383201076,84.1358091875969
CAAGUAZU,2032,144025.1000000001,74845.6140022927,69179.4859977074,92.4295791007717
CAAZAPA,2023,41994.09999999998,31067.85762899528,10926.242371004697,35.1689598345763
CAAZAPA,2024,42333.79999999993,29674.17153919883,12659.628460801101,42.66211255157722
CAAZAPA,2025,42673.5,28343.005399766746,14330.494600233254,50.56095639155892
CAAZAPA,2026,43013.19999999995,27071.55460195523,15941.645398044722,58.887070330616865
CAAZAPA,2027,43352.90000000002,25857.140350143487,17495.759649856536,67.66316542718324
CAAZAPA,2028,43692.59999999998,24697.204017929937,18995.39598207004,76.91314356183624
CAAZAPA,2029,44032.29999999993,23589.30175741069,20442.99824258924,86.6621591975141
CAAZAPA,2030,44372.0,22531.09935028264,21840.90064971736,96.93668431426707
CAAZAPA,2031,44711.69999999995,21520.367289923117,23191.332710076837,107.76457668051115
CAAZAPA,2032,45051.40000000002,20554.97608408456,24496.423915915464,119.17515163096061
ITAPUA,2023,143692.9299999997,109171.36184270603,34521.568157293674,31.62145051101617
ITAPUA,2024,145233.85999999987,105431.39172880515,39802.468271194724,37.75200878840358
ITAPUA,2025,146774.78999999957,101819.54474368803,44955.24525631154,44.15188200799571
ITAPUA,2026,148315.71999999974,98331.4316714975,49984.28832850224,50.83246270174134
ITAPUA,2027,149856.6499999999,94962.81366123258,54893.83633876733,57.80561276816619
ITAPUA,2028,151397.5799999996,91709.59707558021,59687.9829244194,65.08368243645101
ITAPUA,2029,152938.50999999978,88567.8285162144,64370.681483785374,72.67952998531608
ITAPUA,2030,154479.43999999948,85533.69001951789,68945.74998048159,80.60654224639308
ITAPUA,2031,156020.36999999965,82603.49441688758,73416.87558311207,88.87865592294195
ITAPUA,2032,157561.2999999998,79773.6808539859,77787.61914601391,97.51037975594082
MISIONES,2023,31675.650000000023,26527.829224962912,5147.820775037111,19.40536005182425
MISIONES,2024,31955.70000000007,25916.097937276143,6039.602062723927,23.3044421939652
MISIONES,2025,32235.75,25318.473162608643,6917.276837391357,27.32106629402548
MISIONES,2026,32515.800000000047,24734.629605011738,7781.1703949883085,31.45860891893722
MISIONES,2027,32795.84999999998,24164.249469855753,8631.600530144224,35.72054054859809
MISIONES,2028,33075.90000000002,23607.02229084975,9468.877709150274,40.11042812807645
MISIONES,2029,33355.95000000007,23062.644761050113,10293.305238949957,44.63193768797083
MISIONES,2030,33636.0,22530.820567766186,11105.179432233814,49.288837034730484
MISIONES,2031,33916.05000000005,22011.260231272863,11904.789768727183,54.084998512776004
MISIONES,2032,34196.09999999998,21503.68094724255,12692.419052757428,59.02440184030445
PARAGUARI,2023,56290.109999999986,42963.47611527166,13326.633884728326,31.01851872733194
PARAGUARI,2024,56431.01999999996,41033.707093800425,15397.312906199535,37.52357268379936
PARAGUARI,2025,56571.92999999999,39190.6165446725,17381.313455327494,44.35070174391089
PARAGUARI,2026,56712.83999999997,37430.31117419099,19282.52882580898,51.51581224124233
PARAGUARI,2027,56853.75,35749.07256178953,21104.67743821047,59.035594284950065
PARAGUARI,2028,56994.659999999974,34143.34930534319,22851.310694656786,66.92756029965906
PARAGUARI,2029,57135.57000000001,32609.74951928439,24525.820480715618,75.2100854568411
PARAGUARI,2030,57276.47999999998,31145.03366967736,26131.446330322622,83.90245009034638
PARAGUARI,2031,57417.390000000014,29746.10773111584,27671.282268884173,93.02488419329799
PARAGUARI,2032,57558.29999999999,28410.016650989084,29148.283349010904,102.59861409829945
ALTO PARANA,2023,231127.3099999996,203818.11411090146,27309.195889098133,13.398807072779931
ALTO PARANA,2024,234978.81999999937,203184.20593250534,31794.614067494025,15.648172022807572
ALTO PARANA,2025,238830.32999999914,202552.269313803,36278.06068619614,17.91046864549938
ALTO PARANA,2026,242681.83999999985,201922.29812291637,40759.54187708348,20.18575573672992
ALTO PARANA,2027,246533.34999999963,201294.2862470386,45239.063752961025,22.474092333371722
ALTO PARANA,2028,250384.8599999994,200668.22759237466,49716.63240762474,24.775537714229536
ALTO PARANA,2029,254236.36999999918,200044.1160840823,54192.25391591687,27.090151400973394
ALTO PARANA,2030,258087.8799999999,199421.945666213,58665.93433378689,29.417993159078055
ALTO PARANA,2031,261939.38999999966,198801.71030165313,63137.67969834653,31.75912299876301
ALTO PARANA,2032,265790.89999999944,198183.40397206566,67607.49602793378,34.113601175940644
CENTRAL,2023,564878.5700000003,492831.6537074827,72046.91629251762,14.618970950936655
CENTRAL,2024,574754.1400000006,489688.48253722745,85065.65746277315,17.37138211256709
CENTRAL,2025,584629.7100000009,486565.3578167715,98064.3521832294,20.154404872399077
CENTRAL,2026,594505.2800000012,483462.15169429634,111043.12830570486,22.968318805630073
CENTRAL,2027,604380.8500000015,480378.73713339434,124002.11286660715,25.813405815289762
CENTRAL,2028,614256.4200000018,477314.9879078677,136941.43209213408,28.689950150605114
CENTRAL,2029,624131.9900000021,474270.7785965616,149861.2114034405,31.59823842550501
CENTRAL,2030,634007.5599999987,471245.9845782292,162761.57542176946,34.538559637265244
CENTRAL,2031,643883.129999999,468240.4820264309,175642.64797356806,37.511205185299104
CENTRAL,2032,653758.6999999993,465254.1479044643,188504.55209553498,40.516468890083424
NEEMBUCU,2023,18820.000000000004,15644.771790423696,3175.2282095763076,20.295778373193613
NEEMBUCU,2024,18842.800000000007,15160.04238924974,3682.7576107502664,24.292528452042962
NEEMBUCU,2025,18865.600000000002,14690.331589529995,4175.268410470007,28.42187996250391
NEEMBUCU,2026,18888.400000000005,14235.174062796465,4653.2259372035405,32.688226478134304
NEEMBUCU,2027,18911.2,13794.118898074277,5117.0811019257235,37.09610696947154
NEEMBUCU,2028,18934.000000000004,13366.72915517763,5567.270844822373,41.6502106101692
NEEMBUCU,2029,18956.800000000007,12952.581431846203,6004.218568153803,46.35538174183081
NEEMBUCU,2030,18979.600000000002,12551.26544429317,6428.334555706831,51.216625002777526
NEEMBUCU,2031,19002.400000000005,12162.383620749306,6840.016379250699,56.23911062615616
NEEMBUCU,2032,19025.2,11785.55070760049,7239.64929239951,61.42817991297316
AMAMBAY,2023,49550.10999999987,48141.053532963924,1409.0564670359454,2.9269331757999715
AMAMBAY,2024,50296.61999999988,48516.00484129243,1780.6151587074492,3.6701603203566977
AMAMBAY,2025,51043.12999999989,48893.87649459264,2149.2535054072505,4.395751900843748
AMAMBAY,2026,51789.6399999999,49274.69123825725,2514.9487617426494,5.103936115159305
AMAMBAY,2027,52536.14999999991,49658.47199483368,2877.678005166228,5.794938687331365
AMAMBAY,2028,53282.659999999916,50045.241865403885,3237.4181345960315,6.4689828921259505
AMAMBAY,2029,54029.169999999925,50435.02413097481,3594.1458690251166,7.126289579422967
AMAMBAY,2030,54775.679999999935,50827.842253879826,3947.837746120109,7.7670771983612195
AMAMBAY,2031,55522.189999999944,51223.71987919098,4298.470120808961,8.391561821255317
AMAMBAY,2032,56268.69999999995,51622.6808361423,4646.019163857651,8.999957167286166
CANINDEYU,2023,58809.77000000002,51125.187338164804,7684.582661835215,15.030913453687623
CANINDEYU,2024,59749.54000000004,50514.75137433946,9234.788625660578,18.28137004421975
CANINDEYU,2025,60689.310000000056,49911.6040305727,10777.705969427356,21.593587661149126
CANINDEYU,2026,61629.080000000075,49315.65828056608,12313.421719433994,24.96858431733916
CANINDEYU,2027,62568.85000000009,48726.82813711727,13842.021862882822,28.40739361062325
CANINDEYU,2028,63508.62000000011,48145.02863971321,15363.591360286904,31.91106495181103
CANINDEYU,2029,64448.39000000013,47570.17584227137,16878.214157728762,35.480663795929466
CANINDEYU,2030,65388.159999999916,47002.18680102749,18385.973198972424,39.11727187674276
CANINDEYU,2031,66327.92999999993,46440.97956256783,19886.950437432104,42.82198744460012
CANINDEYU,2032,67267.69999999995,45886.4731520044,21381.226847995553,46.59592550764949
PRESIDENTE HAYES,2023,35291.87999999989,33169.316534013575,2122.5634659863135,6.39917757669117
PRESIDENTE HAYES,2024,35897.95999999996,33345.56462791982,2552.3953720801437,7.654377427884533
PRESIDENTE HAYES,2025,36504.039999999804,33522.74923164451,2981.290768355291,8.893336127518557
PRESIDENTE HAYES,2026,37110.11999999988,33700.875321415326,3409.244678584553,10.116190294968803
PRESIDENTE HAYES,2027,37716.19999999995,33879.947899901534,3836.2521000984198,11.323075559126137
PRESIDENTE HAYES,2028,38322.279999999795,34059.97199635457,4262.308003645223,12.514126565052422
PRESIDENTE HAYES,2029,38928.35999999987,34240.952666749195,4687.407333250674,13.68947698059387
PRESIDENTE HAYES,2030,39534.439999999944,34422.894993925576,5111.545006074368,14.849259502945278
PRESIDENTE HAYES,2031,40140.519999999786,34605.804087731965,5534.71591226782,15.993605865178903
PRESIDENTE HAYES,2032,40746.59999999986,34789.6850851683,5956.914914831563,17.122646842730816
BOQUERON,2023,19282.0,19760.522347811115,-478.52234781111474,-2.4216077864162378
BOQUERON,2024,19626.800000000047,20218.414718497515,-591.6147184974689,-2.926118228034019
BOQUERON,2025,19971.599999999977,20686.91740704103,-715.3174070410532,-3.457825025190011
BOQUERON,2026,20316.400000000023,21166.276276557608,-849.8762765575848,-4.015237566840477
BOQUERON,2027,20661.199999999953,21656.742887322573,-995.5428873226192,-4.596918809547257
BOQUERON,2028,21006.0,22158.574628785645,-1152.5746287856455,-5.20148361568512
BOQUERON,2029,21350.800000000047,22672.03485464501,-1321.2348546449648,-5.827597139452493
BOQUERON,2030,21695.599999999977,23197.393021051383,-1501.793021051406,-6.473973259359554
BOQUERON,2031,22040.400000000023,23734.92482801447,-1694.5248280144478,-7.139373055921333
BOQUERON,2032,22385.199999999953,24284.912364086205,-1899.712364086252,-7.822603333317544
ALTO PARAGUAY,2023,4569.649999999994,4356.353878064747,213.29612193524736,4.896207422662398
ALTO PARAGUAY,2024,4621.899999999994,4339.771120724847,282.1288792751475,6.501008265800551
ALTO PARAGUAY,2025,4674.149999999994,4323.2514867786595,350.8985132213347,8.116541780982448
ALTO PARAGUAY,2026,4726.399999999994,4306.794735942693,419.6052640573016,9.742866558172672
ALTO PARAGUAY,2027,4778.649999999994,4290.40062884811,488.2493711518846,11.380041478386838
ALTO PARAGUAY,2028,4830.899999999994,4274.068927037249,556.8310729627456,13.028125715060392
ALTO PARAGUAY,2029,4883.149999999994,4257.799392960153,625.3506070398407,14.687178735423645
ALTO PARAGUAY,2030,4935.399999999994,4241.591789971115,693.8082100288793,16.35726030188313
ALTO PARAGUAY,2031,4987.649999999994,4225.445882325235,762.2041176747589,18.038430473408948
ALTO PARAGUAY,2032,5039.899999999994,4209.361435174996,830.5385648249985,19.730749606928693
